{"stats":{"minecraft:crafted":{"farmersdelight:cabbage":192,"supplementaries:goblet":1,"farmersdelight:tomato":320,"farmersdelight:ham":64,"minecraft:amethyst_shard":63,"farmersdelight:sweet_berry_cookie":70,"minecraft:air":0,"minecraft:shield":1,"farmersdelight:minced_beef":384,"minecraft:iron_ingot":23,"cgm:pistol":1},"minecraft:picked_up":{"minecraft:wheat":10,"farmersdelight:sweet_berry_cheesecake_slice":64,"minecraft:enchanted_book":1,"minecraft:diamond_horse_armor":4,"farmersdelight:mutton_wrap":64,"minecraft:music_disc_cat":5,"farmersdelight:apple_pie_slice":64,"minecraft:string":69,"minecraft:smooth_stone_slab":8,"supplementaries:statue":1,"farmersdelight:roast_chicken":16,"minecraft:cracked_stone_bricks":2,"farmersdelight:beef_patty":64,"minecraft:bucket":5,"farmersdelight:vegetable_noodles":16,"minecraft:music_disc_otherside":1,"minecraft:redstone_torch":4,"supplementaries:cage":1,"biomesoplenty:hanging_cobweb":9,"farmersdelight:kelp_roll_slice":64,"minecraft:music_disc_blocks":1,"farmersdelight:minced_beef":9,"minecraft:copper_ingot":256,"minecraft:torch":1,"biomesoplenty:wilted_lily":8,"minecraft:redstone":16,"minecraft:iron_horse_armor":4,"minecraft:rotten_flesh":92,"minecraft:beetroot_seeds":15,"farmersdelight:hamburger":64,"farmersdelight:bacon_sandwich":64,"minecraft:saddle":7,"minecraft:gold_ingot":4,"supplementaries:ash":27,"supplementaries:quiver":2,"minecraft:iron_bars":1,"minecraft:cobblestone":20,"lootbag:magic_mirror":3,"supplementaries:sconce_lever":2,"bunker_down:brittle_pickaxe":4,"supplementaries:candy":56,"supplementaries:soap":17,"farmersdelight:roast_chicken_block":1,"supplementaries:flax_seeds":5,"minecraft:cobblestone_wall":2,"minecraft:gunpowder":80,"farmersdelight:chicken_sandwich":64,"minecraft:dirt":194,"minecraft:white_banner":2,"bunker_down:steel_block":1,"minecraft:name_tag":6,"farmersdelight:honey_glazed_ham_block":1,"minecraft:bone":63,"minecraft:stone_bricks":12,"biomesoplenty:webbing":6,"farmersdelight:sweet_berry_cookie":64,"minecraft:iron_ingot":588,"minecraft:cobweb":16,"farmersdelight:egg_sandwich":64,"farmersdelight:dumplings":64,"easy_npc:easy_npc_wand":1,"lootbag:backpack":2,"farmersdelight:steak_and_potatoes":16,"minecraft:music_disc_13":4,"farmersdelight:chocolate_pie":64,"farmersdelight:ham":64,"biomesoplenty:music_disc_wanderer":1,"minecraft:light_gray_concrete":1,"farmersdelight:cake_slice":64,"minecraft:pumpkin_seeds":4,"minecraft:golden_apple":2,"minecraft:golden_horse_armor":5,"minecraft:bread":8,"minecraft:oak_sapling":1,"minecraft:melon_seeds":20,"minecraft:coal":13,"minecraft:ender_pearl":2},"minecraft:mined":{"farmersdelight:roast_chicken_block":1,"minecraft:grass_block":4,"minecraft:light_gray_concrete":1,"bunker_down:steel_block":1,"minecraft:dirt":1},"minecraft:custom":{"minecraft:mob_kills":30,"minecraft:interact_with_anvil":1,"minecraft:leave_game":8,"minecraft:time_since_death":680127,"minecraft:climb_one_cm":8019,"minecraft:damage_resisted":38,"minecraft:sprint_one_cm":485917,"minecraft:walk_one_cm":903381,"minecraft:drop":194,"minecraft:target_hit":34,"minecraft:play_time":686190,"minecraft:deaths":1,"minecraft:sneak_time":6148,"minecraft:walk_under_water_one_cm":4238,"minecraft:jump":2051,"minecraft:walk_on_water_one_cm":4106,"minecraft:total_world_time":698052,"minecraft:interact_with_furnace":1,"minecraft:play_record":4,"minecraft:traded_with_villager":459,"minecraft:time_since_rest":680128,"minecraft:damage_taken":1375,"minecraft:damage_absorbed":152,"minecraft:damage_dealt":423,"minecraft:fly_one_cm":1425597,"minecraft:open_chest":53,"minecraft:crouch_one_cm":2342,"minecraft:interact_with_smoker":2,"minecraft:fall_one_cm":2531},"minecraft:dropped":{"easy_npc:easy_npc_wand":1,"minecraft:enchanted_book":1,"farmersdelight:hamburger":64,"minecraft:iron_ingot":588,"minecraft:bread":8,"minecraft:golden_horse_armor":5,"farmersdelight:bacon_sandwich":64,"minecraft:iron_horse_armor":4,"farmersdelight:mutton_wrap":64,"minecraft:saddle":7,"minecraft:copper_ingot":256,"minecraft:coal":13,"minecraft:golden_apple":2,"farmersdelight:beef_patty":64,"minecraft:music_disc_13":3,"minecraft:diamond_horse_armor":4,"minecraft:torch":1,"farmersdelight:sweet_berry_cookie":64,"farmersdelight:steak_and_potatoes":16,"bunker_down:brittle_pickaxe":4,"farmersdelight:egg_sandwich":64,"minecraft:string":68,"minecraft:bucket":5,"farmersdelight:apple_pie_slice":64,"minecraft:music_disc_cat":4,"minecraft:gold_ingot":4,"minecraft:bone":63,"minecraft:redstone":16,"farmersdelight:chocolate_pie":64,"minecraft:music_disc_otherside":1,"minecraft:wheat":10,"farmersdelight:kelp_roll_slice":64,"farmersdelight:dumplings":64,"farmersdelight:vegetable_noodles":16,"minecraft:rotten_flesh":66,"minecraft:name_tag":6,"lootbag:backpack":2,"farmersdelight:roast_chicken":16,"minecraft:pumpkin_seeds":4,"farmersdelight:chicken_sandwich":64,"supplementaries:cage":1,"supplementaries:flax_seeds":5,"supplementaries:quiver":2,"minecraft:gunpowder":80,"farmersdelight:honey_glazed_ham_block":1,"minecraft:beetroot_seeds":15,"minecraft:melon_seeds":20,"farmersdelight:sweet_berry_cheesecake_slice":64,"farmersdelight:ham":64,"lootbag:magic_mirror":3,"farmersdelight:cake_slice":64},"minecraft:killed":{"minecraft:husk":13,"minecraft:zombie":17},"minecraft:used":{"supplementaries:wind_vane":2,"securitycraft:reinforced_stone_pressure_plate":6,"farmersdelight:onion_crate":6,"supplementaries:cog_block":5,"minecraft:iron_bars":6,"supplementaries:hourglass":1,"minecraft:flint_and_steel":1,"farmersdelight:cabbage_seeds":14,"minecraft:spruce_slab":86,"securitycraft:keypad_chest":15,"bunker_down:ceiling_lamp":65,"minecraft:ladder":5,"supplementaries:crank":1,"minecraft:spruce_planks":53,"supplementaries:crystal_display":1,"embellishcraft:rusty_plate":9,"farmersdelight:stove":4,"minecraft:chest":46,"securitycraft:reinforced_smooth_stone":151,"minetraps:bear_trap":1,"minecraft:zombie_spawn_egg":1,"securitycraft:keypad_door_item":5,"securitycraft:security_camera":1,"farmersdelight:mutton_chops":1,"farmersdelight:rich_soil":2,"embellishcraft:warning_rusty_door":8,"farmersdelight:rice_bag":13,"supplementaries:sconce":12,"minecraft:netherrack":2,"easy_npc:humanoid_slim_spawn_egg":3,"minecraft:debug_stick":10,"supplementaries:globe":3,"minecraft:torch":44,"minecraft:anvil":1,"minecraft:dirt":45,"securitycraft:reinforced_black_stained_glass_pane":119,"embellishcraft:light_gray_couch":6,"minecraft:target":12,"minecraft:white_carpet":4,"bunker_down:brittle_pickaxe":2,"minecraft:spruce_stairs":42,"cgm:workbench":12,"farmersdelight:rich_soil_farmland":61,"embellishcraft:spruce_terrace_table":4,"supplementaries:faucet":2,"farmersdelight:carrot_crate":13,"supplementaries:candle_holder_orange":3,"minecraft:music_disc_13":1,"securitycraft:reinforced_cobblestone_wall":9,"embellishcraft:dark_oak_table":5,"lootbag:backpack":4,"easy_npc:humanoid_spawn_egg":18,"minecraft:spruce_fence":66,"embellishcraft:dark_oak_chair":19,"farmersdelight:roast_chicken":1,"farmersdelight:stuffed_pumpkin_block":2,"minecraft:glass":7,"minetraps:toxin_bucket":2,"supplementaries:stone_tile_wall":4,"farmersdelight:oak_cabinet":28,"biomesoplenty:stringy_cobweb":6,"embellishcraft:warped_suspended_stairs":2,"supplementaries:globe_sepia":2,"minecraft:villager_spawn_egg":4,"embellishcraft:spruce_chair":2,"securitycraft:secret_sign_item":3,"minecraft:black_stained_glass_pane":89,"minecraft:grass_block":305,"minecraft:rooted_dirt":1,"securitycraft:reinforced_spruce_stairs":40,"farmersdelight:rice_roll_medley_block":1,"minecraft:chicken_spawn_egg":1,"farmersdelight:rice_bale":1,"minetraps:barbed_wire":15,"embellishcraft:rusty_door":4,"supplementaries:goblet":11,"supplementaries:candy":3,"cgm:grenade_launcher":23,"bunker_down:airlock_iron_door":6,"minetraps:obstacle":8,"minecraft:golden_sword":4,"biomesoplenty:music_disc_wanderer":1,"minecraft:red_carpet":6,"biomesoplenty:yellow_autumn_leaves":3,"farmersdelight:cutting_board":3,"embellishcraft:white_spruce_fancy_bed":1,"minecraft:gold_block":8,"minecraft:hay_block":3,"supplementaries:statue":4,"embellishcraft:steel_terrace_chair":2,"minecraft:infested_cobblestone":2,"minecraft:furnace":2,"securitycraft:reinforced_polished_andesite_slab":10,"minecraft:gray_bed":1,"farmersdelight:cooking_pot":3,"securitycraft:alarm":1,"farmersdelight:shepherds_pie_block":5,"biomesoplenty:wilted_lily":16,"cgm:heavy_rifle":4,"minecraft:light_gray_bed":14,"biomesoplenty:dead_log":2,"moguns:scar_l":169,"minecraft:enchanted_golden_apple":5,"farmersdelight:potato_crate":9,"farmersdelight:roast_chicken_block":5,"minecraft:wheat_seeds":35,"minecraft:water_bucket":23,"easy_npc:easy_npc_wand":11,"supplementaries:candle_holder_red":4,"minecraft:ender_pearl":2,"securitycraft:reinforced_oak_planks":5,"embellishcraft:oak_suspended_stairs":5,"supplementaries:flag_white":6,"securitycraft:reinforced_cobblestone":4,"supplementaries:netherite_door":2,"farmersdelight:skillet":2,"embellishcraft:white_oak_fancy_bed":4,"securitycraft:door_indestructible_iron_item":8,"cgm:pistol":51,"farmersdelight:honey_glazed_ham_block":6,"supplementaries:candle_holder_lime":3,"minecraft:polished_andesite":18,"securitycraft:reinforced_spruce_planks":17,"embellishcraft:white_table_lamp":1,"moguns:big_iron":1,"bunker_down:broken_ceiling_lamp":36,"cgm:stun_grenade":1,"securitycraft:reinforced_spruce_log":12,"supplementaries:sconce_lever":34,"minetraps:quicksand":1,"minetraps:razor_wire":165,"minecraft:glow_ink_sac":3,"supplementaries:timber_frame":4,"securitycraft:reinforced_glass_pane":17,"moguns:akm":64,"farmersdelight:onion":1,"minecraft:music_disc_cat":1,"minecraft:green_dye":3,"minecraft:loom":3,"minecraft:red_bed":2,"embellishcraft:light_gray_warped_fancy_bed":1,"securitycraft:reinforced_polished_andesite":477,"biomesoplenty:dead_planks":1,"minecraft:white_bed":36,"cgm:bazooka":3,"securitycraft:reinforced_hopper":11,"minecraft:smoker":3,"securitycraft:reinforced_stone_slab":10,"minecraft:redstone_torch":4,"embellishcraft:purple_pillow":2,"bunker_down:steel_block":2,"bunker_down:steel_block_slab":6,"supplementaries:bellows":7,"supplementaries:relayer":2,"supplementaries:cage":3,"embellishcraft:light_gray_oak_fancy_bed":1,"automobility:auto_mechanic_table":11,"minecraft:light_gray_concrete":1,"minecraft:zombie_head":9,"biomesoplenty:hanging_cobweb":15,"minecraft:stone_button":12,"supplementaries:clock_block":9,"minecraft:barrier":23,"supplementaries:wrench":45,"cgm:grenade":3,"minecraft:netherite_axe":2,"minecraft:spruce_trapdoor":19,"supplementaries:iron_gate":6,"securitycraft:bucket_f_water":3,"minecraft:music_disc_blocks":1,"securitycraft:reinforced_chain":20,"easy_npc:fairy_spawn_egg":1,"biomesoplenty:dead_leaves":21,"farmersdelight:straw_bale":1,"securitycraft:reinforced_green_wool":1107,"moguns:m16a1":62,"moguns:butterfly_gun":21,"minecraft:white_banner":21,"farmersdelight:spruce_cabinet":4,"minecraft:andesite":2,"minecraft:glass_pane":15,"minecraft:polished_blackstone_button":3,"biomesoplenty:fir_log":33,"supplementaries:soap":1,"minetraps:barbed_wire_fence":446,"minecraft:jukebox":6,"minecraft:smooth_stone":26,"minecraft:cobweb":8}},"DataVersion":3120}